m_nls_q025,m_nls_q975,rsqr_q025,rsqr_q975,Time
0.00723545247298037,0.009854663582107162,0.6107572269043027,0.7054189428997906,60
