m_nls_q025,m_nls_q975,rsqr_q025,rsqr_q975,Time
0.0072215731674707805,0.010534701255274906,0.6225984993006101,0.7278124909983411,60
