taxon_id,p,freq,freq_pred,pred_lwr,pred_upr,bino_pred,bino_lwr,bino_upr,partition,Time,genus_label,is_culici
ASV0747,7.863359641099711e-6,0.02127659574468085,0.002836843721716518,3.7184806022329085e-4,0.021294304020122848,0.07766924352278574,0.04984505961599365,0.11907872554097297,neutral,60,Flavobacterium,TRUE
ASV1316,3.435046580059348e-5,0.03829787234042553,0.0123388236321947,0.004134659466594795,0.03622979809210408,0.29756159100528967,0.2427451925324139,0.35888991429825146,above,60,Flavobacterium,TRUE
ASV1495,1.171226725490115e-4,0.0851063829787234,0.04150443456163198,0.02253069242238657,0.07522680403550289,0.7001058942455025,0.6386872938848274,0.7550876008079418,above,60,Flavobacterium,TRUE
ASV3950,0.002114002160354596,0.2680851063829787,0.5454038158440302,0.4815205153191337,0.6078265919714588,0.9999999996450974,0.9839162806722669,1,below,60,Flavobacterium,TRUE
ASV5185,0.0028179797787498914,0.6893617021276596,0.6538126045964607,0.5909521710340699,0.7117252808508995,0.9999999999997495,0.9839162813701632,1.0000000000000002,neutral,60,Flavobacterium,TRUE
