taxon_id,p,freq,freq_pred,pred_lwr,pred_upr,bino_pred,bino_lwr,bino_upr,partition,Time,genus_label,is_culici
ASV6651,4.138610337420901e-7,0.00425531914893617,1.4949011284954872e-4,1.3426435734824959e-6,0.01637654749764385,0.004246278983942138,7.488499987658666e-4,0.023690834685663686,neutral,60,Shewanella,TRUE
ASV1982,1.2415831012262701e-5,0.02127659574468085,0.004475883897979285,8.188253294826162e-4,0.024072683381354654,0.1198477428386485,0.08432111887527628,0.1676028906830072,neutral,60,Shewanella,TRUE
ASV4452,1.0180981430055415e-4,0.08085106382978724,0.03616859255189172,0.018802553286135535,0.06845489951534399,0.6489623519777246,0.5859878103729345,0.7071451564713646,above,60,Shewanella,TRUE
ASV6529,0.0023287960368667407,0.6808510638297872,0.5814606982770376,0.5175732176124893,0.6427277970407104,0.9999999999612001,0.9839162812943044,1.0000000000000002,above,60,Shewanella,TRUE
ASV5329,0.004251594399632491,0.5191489361702127,0.8038454622803928,0.748362746868965,0.8495542478475789,1,0.9839162813706559,1.0000000000000002,below,60,Shewanella,TRUE
ASV1151,0.006402430191990134,0.825531914893617,0.9187900970949998,0.8767634045272361,0.9473453854899002,1,0.9839162813706559,1.0000000000000002,below,60,Shewanella,TRUE
