gene_id,TaxaID,correlation,p_value,fdr,abs_correlation,comparison_name,base_treatment,comparison_treatment
tpm3,Shewanella,0.7087734089496571,0.005994005994005994,0.034692580147125604,0.7087734089496571,A- T- P- vs A+ T- P+,A- T- P-,A+ T- P+
ftr22,Shewanella,0.706641193966623,0.005994005994005994,0.034692580147125604,0.706641193966623,A- T- P- vs A+ T- P+,A- T- P-,A+ T- P+
pitpnbl,Shewanella,-0.6532766370657974,0.00999000999000999,0.04000837871805614,0.6532766370657974,A- T- P- vs A+ T- P+,A- T- P-,A+ T- P+
actb1,Shewanella,0.6238421875637058,0.002997002997002997,0.022897102897102894,0.6238421875637058,A- T- P- vs A+ T- P+,A- T- P-,A+ T- P+
LOC100332293,Shewanella,-0.5091076443544795,0.001998001998001998,0.019080919080919082,0.5091076443544795,A- T- P- vs A+ T- P+,A- T- P-,A+ T- P+
zgc:110425,Shewanella,0.27024430590798393,0.005994005994005994,0.034692580147125604,0.27024430590798393,A- T- P- vs A+ T- P+,A- T- P-,A+ T- P+
