ID,Description,p.adjust,Count,geneID,log_padj
dre04518,Integrin signaling,0.0016345237682847283,2,403049/100330961,2.7866087597823888
dre04350,TGF-beta signaling pathway,0.055577198572947295,1,100330961,1.255103348076334
dre04141,Protein processing in endoplasmic reticulum,0.055577198572947295,1,735249,1.255103348076334
dre04510,Focal adhesion,0.055577198572947295,1,403049,1.255103348076334
dre04820,Cytoskeleton in muscle cells,0.055577198572947295,1,100330961,1.255103348076334
dre04020,Calcium signaling pathway,0.055577198572947295,1,403049,1.255103348076334
dre04010,MAPK signaling pathway,0.055577198572947295,1,403049,1.255103348076334
