Taxon,coef,qval_individual,Association,q_label
Shewanella,-0.0610742373704156,0.00885066452828493,Negative,q=0.0089
Culicoidibacter,-0.0661665624224929,0.031774760230447,Negative,q=0.0318
Flavobacterium,-0.0373026128779402,0.031774760230447,Negative,q=0.0318
Cetobacterium,-0.0421552358081224,0.0386539426456274,Negative,q=0.0387
