Taxon,rho,p_value,q_value
Cetobacterium,-0.5040573988664573,0.012022550589105016,0.012022550589105016
Culicoidibacter,-0.5552507284388318,0.004854520507646155,0.006472694010194874
Flavobacterium,-0.613444855217685,0.0014333869739413295,0.002866773947882659
Shewanella,-0.6178203534717341,0.0012952695877842596,0.002866773947882659
